{
  "order": [
    "t1",
    "t2",
    "t3"
  ],
  "thresholds": {
    "t1": 0.42500000000000004,
    "t2": 0.9750000000000001
  },
  "accuracy": 0.9415584415584416,
  "terminal_share": 0.12337662337662338,
  "cost_per_1k": 0.24675324675324675,
  "latency_est_ms": 1063.987012987013,
  "guardrail_ok": true,
  "certified_point": {
    "order": [
      "t1",
      "t2",
      "t3"
    ],
    "thresholds": {
      "t1": 0.42500000000000004,
      "t2": 0.9750000000000001
    },
    "accuracy": 0.9415584415584416,
    "terminal_share": 0.12337662337662338,
    "cost_per_1k": 0.24675324675324675,
    "latency_est_ms": 1063.987012987013,
    "guardrail_ok": true,
    "certified_local_risk_ucb": 0.0665
  }
}